Image,True Class,Predicted Class
daisy/10466558316_a7198b87e2.jpg,daisy,daisy
daisy/105806915_a9c13e2106_n.jpg,daisy,tulips
daisy/10712722853_5632165b04.jpg,daisy,roses
daisy/12891819633_e4c82b51e8.jpg,daisy,daisy
daisy/1306119996_ab8ae14d72_n.jpg,daisy,dandelion
daisy/13583238844_573df2de8e_m.jpg,daisy,roses
daisy/14087947408_9779257411_n.jpg,daisy,tulips
daisy/14114116486_0bb6649bc1_m.jpg,daisy,daisy
daisy/14219214466_3ca6104eae_m.jpg,daisy,daisy
daisy/147068564_32bb4350cc.jpg,daisy,dandelion
daisy/14866200659_6462c723cb_m.jpg,daisy,dandelion
daisy/15760811380_4d686c892b_n.jpg,daisy,dandelion
daisy/1879567877_8ed2a5faa7_n.jpg,daisy,tulips
daisy/19544831049_0d738d4872_m.jpg,daisy,roses
daisy/20289938802_e16fa9f23d.jpg,daisy,dandelion
daisy/20580471306_ab5a011b15_n.jpg,daisy,tulips
daisy/2213954589_c7da4b1486.jpg,daisy,roses
daisy/2331133004_582772d58f_m.jpg,daisy,sunflowers
daisy/2365428551_39f83f10bf_n.jpg,daisy,roses
daisy/2482982436_a2145359e0_n.jpg,daisy,sunflowers
daisy/2561352120_7961d8263f.jpg,daisy,roses
daisy/2641151167_3bf1349606_m.jpg,daisy,daisy
daisy/301964511_fab84ea1c1.jpg,daisy,daisy
daisy/3415180846_d7b5cced14_m.jpg,daisy,sunflowers
daisy/3633489595_a037a9b7a4_m.jpg,daisy,roses
daisy/3637428148_a1dcccafa9_n.jpg,daisy,sunflowers
daisy/3661613900_b15ca1d35d_m.jpg,daisy,roses
daisy/3699235066_fc09a02dfe_m.jpg,daisy,dandelion
daisy/391364010_4b0942d400_m.jpg,daisy,dandelion
daisy/391364011_5beaaa1ae2_m.jpg,daisy,dandelion
daisy/4222584034_8964cbd3de.jpg,daisy,daisy
daisy/4278442064_a5a598524b_m.jpg,daisy,daisy
daisy/433837534_1dbf798b73.jpg,daisy,dandelion
daisy/4413849849_b8d2f3bcf1_n.jpg,daisy,dandelion
daisy/4432271543_01c56ca3a9.jpg,daisy,dandelion
daisy/459931395_24bf6531fe_n.jpg,daisy,daisy
daisy/4669117051_ce61e91b76.jpg,daisy,dandelion
daisy/4753134939_8e87649db6.jpg,daisy,dandelion
daisy/4814515275_6e25a6c18f.jpg,daisy,roses
daisy/4851353993_2cbbbd1040_n.jpg,daisy,tulips
daisy/510844526_858b8fe4db.jpg,daisy,roses
daisy/512477177_d9004cbcf1_n.jpg,daisy,daisy
daisy/54377391_15648e8d18.jpg,daisy,tulips
daisy/5574421625_61b1f49b3f_m.jpg,daisy,dandelion
daisy/5602738326_97121e007d_n.jpg,daisy,dandelion
daisy/6208851904_9d916ebb32_n.jpg,daisy,daisy
daisy/7191221492_610035de7c_m.jpg,daisy,sunflowers
daisy/7199968650_72afc16d31_m.jpg,daisy,dandelion
daisy/7227973870_806d9d3e42_n.jpg,daisy,roses
daisy/7377004908_5bc0cde347_n.jpg,daisy,sunflowers
daisy/7702332000_3f21ef4571_n.jpg,daisy,dandelion
daisy/7790614422_4557928ab9_n.jpg,daisy,sunflowers
daisy/8063844363_db3f4dea85.jpg,daisy,tulips
daisy/8120563761_ed5620664f_m.jpg,daisy,tulips
daisy/8619103877_d8c82c5f34_n.jpg,daisy,dandelion
daisy/8671824531_64b816949e_m.jpg,daisy,roses
daisy/8708143485_38d084ac8c_n.jpg,daisy,daisy
daisy/8709110478_60d12efcd4_n.jpg,daisy,roses
daisy/8709535323_a6bea3e43f.jpg,daisy,sunflowers
daisy/8887005939_b19e8305ee.jpg,daisy,sunflowers
daisy/8983779970_9d3a6a3bf2_n.jpg,daisy,roses
daisy/9146733107_98b15d3892_m.jpg,daisy,sunflowers
daisy/9204730092_a7f2182347.jpg,daisy,daisy
daisy/99306615_739eb94b9e_m.jpg,daisy,dandelion
dandelion/10778387133_9141024b10.jpg,dandelion,daisy
dandelion/10946896405_81d2d50941_m.jpg,dandelion,daisy
dandelion/11124381625_24b17662bd_n.jpg,dandelion,daisy
dandelion/13651218133_b6eb8e7ed2_m.jpg,dandelion,tulips
dandelion/13887066460_64156a9021.jpg,dandelion,daisy
dandelion/14002252932_64d5cbdac7.jpg,dandelion,sunflowers
dandelion/14012247974_69ac128799.jpg,dandelion,sunflowers
dandelion/14053397367_75cba846eb_n.jpg,dandelion,daisy
dandelion/14335561523_f847f2f4f1.jpg,dandelion,sunflowers
dandelion/14375349004_68d893254a_n.jpg,dandelion,tulips
dandelion/14469481104_d0e29f7ffd.jpg,dandelion,daisy
dandelion/16159487_3a6615a565_n.jpg,dandelion,tulips
dandelion/16462263826_2555edeb74_n.jpg,dandelion,daisy
dandelion/17122969189_0ec37cb6c9.jpg,dandelion,tulips
dandelion/17161833794_e1d92259d2_m.jpg,dandelion,roses
dandelion/17243540220_65b98eb926_n.jpg,dandelion,roses
dandelion/1798082733_b8080b1173_m.jpg,dandelion,sunflowers
dandelion/18482768066_677292a64e.jpg,dandelion,tulips
dandelion/19437710780_c5f2156438.jpg,dandelion,daisy
dandelion/19621170705_30bf8bf0ba.jpg,dandelion,dandelion
dandelion/22679060358_561ec823ae_m.jpg,dandelion,dandelion
dandelion/2303491518_f25fee9440.jpg,dandelion,dandelion
dandelion/2326334426_2dc74fceb1.jpg,dandelion,daisy
dandelion/2465442759_d4532a57a3.jpg,dandelion,dandelion
dandelion/2465573725_d78caca9d4_n.jpg,dandelion,daisy
dandelion/2490828907_5094017933_m.jpg,dandelion,dandelion
dandelion/2502613166_2c231b47cb_n.jpg,dandelion,tulips
dandelion/2517777524_e871ec5291_m.jpg,dandelion,dandelion
dandelion/2535727910_769c020c0d_n.jpg,dandelion,tulips
dandelion/2535769822_513be6bbe9.jpg,dandelion,roses
dandelion/2635422362_a1bf641547_m.jpg,dandelion,dandelion
dandelion/2698102820_f15445a3f7.jpg,dandelion,dandelion
dandelion/2995221296_a6ddaccc39.jpg,dandelion,dandelion
dandelion/3198028825_fdfaa1d020.jpg,dandelion,daisy
dandelion/3372748508_e5a4eacfcb_n.jpg,dandelion,dandelion
dandelion/3461986955_29a1abc621.jpg,dandelion,tulips
dandelion/3476980444_c276bea402_m.jpg,dandelion,dandelion
dandelion/3562861685_8b8d747b4d.jpg,dandelion,daisy
dandelion/3584415133_a4122ab7b9.jpg,dandelion,sunflowers
dandelion/3591588855_b4fd53b000.jpg,dandelion,sunflowers
dandelion/4552591312_02fe1dcc04_n.jpg,dandelion,tulips
dandelion/4574737576_044403a997_n.jpg,dandelion,roses
dandelion/4598938531_9749b3b56a.jpg,dandelion,sunflowers
dandelion/4633323785_20676ff914_m.jpg,dandelion,roses
dandelion/4633792226_80f89c89ec_m.jpg,dandelion,roses
dandelion/4716316039_044e4d2d1a.jpg,dandelion,daisy
dandelion/477207005_6327db8393_m.jpg,dandelion,roses
dandelion/477316928_a70a31a704_m.jpg,dandelion,daisy
dandelion/4844697927_c70d644f40_n.jpg,dandelion,sunflowers
dandelion/4944731313_023a0508fd_n.jpg,dandelion,roses
dandelion/506660896_c903cca1f0.jpg,dandelion,sunflowers
dandelion/5129135346_3fa8e804d8_n.jpg,dandelion,dandelion
dandelion/515143813_b3afb08bf9.jpg,dandelion,daisy
dandelion/5598014250_684c28bd5c_n.jpg,dandelion,daisy
dandelion/5607669502_ccd2a76668_n.jpg,dandelion,dandelion
dandelion/5607983792_f8b8766ff7.jpg,dandelion,dandelion
dandelion/5608832856_f5d49de778.jpg,dandelion,dandelion
dandelion/5674707921_1ffd141bab_n.jpg,dandelion,sunflowers
dandelion/5681951567_d3b03bfd2a_m.jpg,dandelion,dandelion
dandelion/5767676943_4f9c7323f3_n.jpg,dandelion,sunflowers
dandelion/578938011_34918b1468.jpg,dandelion,dandelion
dandelion/5909154147_9da14d1730_n.jpg,dandelion,daisy
dandelion/6044710875_0459796d1b_m.jpg,dandelion,sunflowers
dandelion/6208857436_14a65fe4af_n.jpg,dandelion,daisy
dandelion/6400843175_ef07053f8f_m.jpg,dandelion,tulips
dandelion/6972675188_37f1f1d6f6.jpg,dandelion,tulips
dandelion/6994931102_4667c0352e.jpg,dandelion,tulips
dandelion/6994933428_307b092ce7_m.jpg,dandelion,daisy
dandelion/7132677385_bcbdcc6001.jpg,dandelion,roses
dandelion/7262863194_682209e9fb.jpg,dandelion,tulips
dandelion/7280227122_7ea2bef7f4_n.jpg,dandelion,roses
dandelion/7465850028_cdfaae235a_n.jpg,dandelion,daisy
dandelion/8058286066_acdf082487_n.jpg,dandelion,sunflowers
dandelion/8270191872_61e47ae3b8_m.jpg,dandelion,dandelion
dandelion/8327657321_2cbceec396_n.jpg,dandelion,tulips
dandelion/8684108_a85764b22d_n.jpg,dandelion,roses
dandelion/8684925862_d736e153bf_n.jpg,dandelion,roses
dandelion/8701999625_8d83138124.jpg,dandelion,roses
dandelion/8717157979_05cbc10cc1.jpg,dandelion,tulips
dandelion/8717787983_c83bdf39fe_n.jpg,dandelion,tulips
dandelion/8719032054_9a3ce4f0ff.jpg,dandelion,tulips
dandelion/8723679596_391a724d4f_m.jpg,dandelion,tulips
dandelion/8724252904_db9a5104df_m.jpg,dandelion,roses
dandelion/8759118120_9eac064e38_n.jpg,dandelion,tulips
dandelion/8791577794_7573712cb4_n.jpg,dandelion,dandelion
dandelion/8805314187_1aed702082_n.jpg,dandelion,sunflowers
dandelion/8905148527_ba9f55cd78.jpg,dandelion,dandelion
dandelion/8935456132_8dc4d3b679_n.jpg,dandelion,tulips
dandelion/8980273068_cf7e8b880a_n.jpg,dandelion,dandelion
dandelion/9029297232_de50698e2f_n.jpg,dandelion,tulips
dandelion/9533964635_f38e6fa3c3.jpg,dandelion,roses
roses/12202373204_34fb07205b.jpg,roses,sunflowers
roses/12243068283_ee4c2683e2_n.jpg,roses,tulips
roses/12243069253_e512464095_n.jpg,roses,dandelion
roses/14166797345_d2ab9da518.jpg,roses,roses
roses/14176042519_5792b37555.jpg,roses,tulips
roses/1445228333_59a07e0801.jpg,roses,roses
roses/1469726748_f359f4a8c5.jpg,roses,dandelion
roses/14810868100_87eb739f26_m.jpg,roses,tulips
roses/14982802401_a3dfb22afb.jpg,roses,sunflowers
roses/15697872479_ed48e9dd73_n.jpg,roses,daisy
roses/15750320284_22ef21c682.jpg,roses,roses
roses/15949087094_a8f565295c_m.jpg,roses,sunflowers
roses/17302463621_d82be11f01_n.jpg,roses,sunflowers
roses/1757822526_fe30b9b3ca_m.jpg,roses,sunflowers
roses/1813435848_7852708394_n.jpg,roses,sunflowers
roses/18389368680_91c24a2087_z.jpg,roses,tulips
roses/19823402005_2db025dd66_m.jpg,roses,dandelion
roses/2053476785_c162a3e358.jpg,roses,daisy
roses/2065522422_cfdd80044a_n.jpg,roses,daisy
roses/2183357362_4b4da4b6b5.jpg,roses,daisy
roses/2300959680_8d22fa5ee2.jpg,roses,daisy
roses/2535466143_5823e48b63.jpg,roses,daisy
roses/2863863372_605e29c03e_m.jpg,roses,roses
roses/3109712111_75cea2dee6.jpg,roses,daisy
roses/3412874275_ca78ee024d_m.jpg,roses,dandelion
roses/3415176946_248afe9f32.jpg,roses,tulips
roses/3451177763_729a4d54af_n.jpg,roses,dandelion
roses/3494252600_29f26e3ff0_n.jpg,roses,dandelion
roses/3697780051_83e50a6dd1_m.jpg,roses,daisy
roses/3705716290_cb7d803130_n.jpg,roses,tulips
roses/394990940_7af082cf8d_n.jpg,roses,sunflowers
roses/4093390305_4010c736c9.jpg,roses,sunflowers
roses/4256169180_55df2048a0.jpg,roses,roses
roses/4325834819_ab56661dcc_m.jpg,roses,tulips
roses/4356781875_92c5cd93c0.jpg,roses,dandelion
roses/4609168052_3d4e1d3804_n.jpg,roses,roses
roses/4694341873_65fe187a4e_n.jpg,roses,dandelion
roses/4754734410_94d98463a5.jpg,roses,dandelion
roses/4797595918_79887b1229_n.jpg,roses,sunflowers
roses/4860145119_b1c3cbaa4e_n.jpg,roses,daisy
roses/5086249859_d066b37b8a_m.jpg,roses,dandelion
roses/515121050_dcb99890be.jpg,roses,tulips
roses/534228982_4afbcece9b_m.jpg,roses,tulips
roses/5398974188_799753449c.jpg,roses,dandelion
roses/5487945052_bcb8e9fc8b_m.jpg,roses,tulips
roses/6347846935_51e3dc2481_n.jpg,roses,tulips
roses/6969041818_a505baa68e_m.jpg,roses,tulips
roses/7147367479_f7a6ef0798.jpg,roses,dandelion
roses/7187035716_5d0fb95c31_n.jpg,roses,roses
roses/7304710956_015b41f802_m.jpg,roses,daisy
roses/7820626638_3e2d712303.jpg,roses,sunflowers
roses/8032328803_30afac8b07_m.jpg,roses,tulips
roses/8063462557_e0a8bd6c64_n.jpg,roses,sunflowers
roses/8462246855_1bdfee7478.jpg,roses,daisy
roses/8516036987_8a06dfe1b5_n.jpg,roses,tulips
roses/8524505546_b242bd4928_n.jpg,roses,roses
roses/8524505682_bda885af3a_n.jpg,roses,daisy
roses/8644003462_2272de26eb.jpg,roses,sunflowers
roses/8692051081_dffa8709e7_m.jpg,roses,sunflowers
roses/8723767157_c45bfd3ab6.jpg,roses,roses
roses/873660804_37f5c6a46e_n.jpg,roses,roses
roses/898102603_2d5152f09a.jpg,roses,daisy
roses/909277823_e6fb8cb5c8_n.jpg,roses,roses
roses/921984328_a60076f070_m.jpg,roses,dandelion
roses/9406573080_60eab9278e_n.jpg,roses,tulips
sunflowers/1064662314_c5a7891b9f_m.jpg,sunflowers,sunflowers
sunflowers/1240624822_4111dde542.jpg,sunflowers,daisy
sunflowers/1240625276_fb3bd0c7b1.jpg,sunflowers,dandelion
sunflowers/14460075029_5cd715bb72_m.jpg,sunflowers,tulips
sunflowers/14472246629_72373111e6_m.jpg,sunflowers,sunflowers
sunflowers/14678298676_6db8831ee6_m.jpg,sunflowers,roses
sunflowers/14858674096_ed0fc1a130.jpg,sunflowers,daisy
sunflowers/14889392928_9742aed45b_m.jpg,sunflowers,daisy
sunflowers/14925397651_97dcddc383_n.jpg,sunflowers,dandelion
sunflowers/15207507116_8b7f894508_m.jpg,sunflowers,daisy
sunflowers/15240466871_ec45b65554_m.jpg,sunflowers,dandelion
sunflowers/15495579081_661cb260d1_n.jpg,sunflowers,tulips
sunflowers/19595718862_c68896370c_m.jpg,sunflowers,tulips
sunflowers/19784656639_cd7f0a4a26_m.jpg,sunflowers,sunflowers
sunflowers/20148493928_9f75a99783.jpg,sunflowers,dandelion
sunflowers/20658775992_1619cd0a9b_n.jpg,sunflowers,tulips
sunflowers/20753711039_0b11d24b50_n.jpg,sunflowers,sunflowers
sunflowers/20905163782_312e2c3bda_n.jpg,sunflowers,roses
sunflowers/215798352_184d8040d1.jpg,sunflowers,dandelion
sunflowers/22429146402_332fa2fc72_m.jpg,sunflowers,tulips
sunflowers/2443095419_17b920d155_m.jpg,sunflowers,dandelion
sunflowers/2720698862_486d3ec079_m.jpg,sunflowers,sunflowers
sunflowers/2894191705_a1d2d80c80.jpg,sunflowers,roses
sunflowers/3334350831_f8755a2095_n.jpg,sunflowers,daisy
sunflowers/3466923719_b4b6df7f8b_n.jpg,sunflowers,dandelion
sunflowers/3568114325_d6b1363497.jpg,sunflowers,dandelion
sunflowers/3594967811_697184b026_n.jpg,sunflowers,sunflowers
sunflowers/3858508462_db2b9692d1.jpg,sunflowers,dandelion
sunflowers/3865206264_5d81584bba.jpg,sunflowers,sunflowers
sunflowers/40411019_526f3fc8d9_m.jpg,sunflowers,tulips
sunflowers/4160805260_cf758daeae_n.jpg,sunflowers,sunflowers
sunflowers/4341530649_c17bbc5d01.jpg,sunflowers,sunflowers
sunflowers/4414083164_3f285f8ac5.jpg,sunflowers,tulips
sunflowers/4414084638_03d2db38ae.jpg,sunflowers,daisy
sunflowers/4746668678_0e2693b1b9_n.jpg,sunflowers,roses
sunflowers/4816636411_0135bfe2c9_n.jpg,sunflowers,sunflowers
sunflowers/4869189730_f47c124cda_n.jpg,sunflowers,tulips
sunflowers/4878447831_e904c60cf8_n.jpg,sunflowers,sunflowers
sunflowers/4895124535_11a2bb704c_m.jpg,sunflowers,roses
sunflowers/4933229479_c1708bd503.jpg,sunflowers,tulips
sunflowers/4933230991_d50c0f7c66.jpg,sunflowers,roses
sunflowers/5025805406_033cb03475_n.jpg,sunflowers,tulips
sunflowers/5037790727_57c527494f.jpg,sunflowers,dandelion
sunflowers/5043409092_5b12cc985a_m.jpg,sunflowers,sunflowers
sunflowers/5979111199_495884b578_n.jpg,sunflowers,tulips
sunflowers/6125761554_4e72819ce4_m.jpg,sunflowers,sunflowers
sunflowers/6145005439_ef6e07f9c6_n.jpg,sunflowers,tulips
sunflowers/6606743797_c90c669757.jpg,sunflowers,sunflowers
sunflowers/6606749757_b98a4ba403.jpg,sunflowers,tulips
sunflowers/6606817351_10f6e43a09.jpg,sunflowers,tulips
sunflowers/7176736574_14446539cb_n.jpg,sunflowers,daisy
sunflowers/7369484298_332f69bd88_n.jpg,sunflowers,sunflowers
sunflowers/7510240282_87554c7418_n.jpg,sunflowers,sunflowers
sunflowers/7603036176_9e8967cd21.jpg,sunflowers,dandelion
sunflowers/7820398908_4316bbba45.jpg,sunflowers,sunflowers
sunflowers/8041242566_752def876e_n.jpg,sunflowers,daisy
sunflowers/8202034834_ee0ee91e04_n.jpg,sunflowers,roses
sunflowers/8234846550_fdaf326dbe.jpg,sunflowers,daisy
sunflowers/8478248531_1a16e232b5.jpg,sunflowers,dandelion
sunflowers/8480886751_71d88bfdc0_n.jpg,sunflowers,dandelion
sunflowers/8705462313_4458d64cd4.jpg,sunflowers,tulips
sunflowers/877083343_e3338c4125.jpg,sunflowers,dandelion
sunflowers/8928614683_6c168edcfc.jpg,sunflowers,daisy
sunflowers/9240129413_f240ce7866_n.jpg,sunflowers,daisy
sunflowers/9246304620_768d1f54d7_n.jpg,sunflowers,tulips
sunflowers/9309473873_9d62b9082e.jpg,sunflowers,roses
sunflowers/9375675309_987d32f99e_n.jpg,sunflowers,tulips
sunflowers/9481563239_01b585b41d_n.jpg,sunflowers,roses
sunflowers/9497774249_7f5ae70927_m.jpg,sunflowers,dandelion
sunflowers/9538283930_0faea083bb_n.jpg,sunflowers,dandelion
sunflowers/9610374042_bb16cded3d.jpg,sunflowers,daisy
tulips/112428665_d8f3632f36_n.jpg,tulips,sunflowers
tulips/112951086_150a59d499_n.jpg,tulips,roses
tulips/113291410_1bdc718ed8_n.jpg,tulips,roses
tulips/12916441224_2ed63596f8_n.jpg,tulips,sunflowers
tulips/12949131454_4d3392f4dd_n.jpg,tulips,daisy
tulips/132538272_63658146d9_n.jpg,tulips,daisy
tulips/13509967925_eaaeefa396_m.jpg,tulips,dandelion
tulips/13510057763_01b832d919.jpg,tulips,dandelion
tulips/13513851673_9d813dc7b0.jpg,tulips,daisy
tulips/13910479407_936fd3122d.jpg,tulips,sunflowers
tulips/13910719110_1b21d1fc81.jpg,tulips,daisy
tulips/13976191172_6f23a0b313.jpg,tulips,sunflowers
tulips/14087792403_f34f37ba3b_m.jpg,tulips,sunflowers
tulips/14093565032_a8f1e349d1.jpg,tulips,tulips
tulips/14235021006_dd001ea8ed_n.jpg,tulips,sunflowers
tulips/14266093711_66d18a1e44_n.jpg,tulips,roses
tulips/14487705209_ea723109e1_m.jpg,tulips,daisy
tulips/15149373026_93aacc65c5.jpg,tulips,dandelion
tulips/16062072523_1be3c0b61f.jpg,tulips,sunflowers
tulips/16644790896_7b296ecd67_n.jpg,tulips,tulips
tulips/16904202259_8f45d045c3_m.jpg,tulips,tulips
tulips/17202535346_ab828e779b.jpg,tulips,roses
tulips/17295127995_62eff434fe_n.jpg,tulips,daisy
tulips/17324469461_2b318aff8d_m.jpg,tulips,daisy
tulips/19425920580_cdc8f49aed_n.jpg,tulips,daisy
tulips/2087981909_fd468de5c4_n.jpg,tulips,sunflowers
tulips/2322670828_34115a7050.jpg,tulips,tulips
tulips/2361075034_cf730b8682.jpg,tulips,roses
tulips/2425067141_b27043a800_m.jpg,tulips,roses
tulips/2431737309_1468526f8b.jpg,tulips,daisy
tulips/2432389721_4d14971060_n.jpg,tulips,daisy
tulips/3011223301_09b4e3edb7.jpg,tulips,dandelion
tulips/3238068295_b2a7b17f48_n.jpg,tulips,sunflowers
tulips/3430229687_32645b5738.jpg,tulips,sunflowers
tulips/3454461550_64d6e726bf_m.jpg,tulips,sunflowers
tulips/3474066174_8d3b3e8f97_n.jpg,tulips,sunflowers
tulips/3523398585_376960a611_m.jpg,tulips,dandelion
tulips/3614805920_7a6610aa4b_n.jpg,tulips,dandelion
tulips/434146736_310a42d9cb_m.jpg,tulips,roses
tulips/443600168_cb08d56511.jpg,tulips,sunflowers
tulips/4497973347_57480ffee9_m.jpg,tulips,daisy
tulips/4612075317_91eefff68c_n.jpg,tulips,sunflowers
tulips/495094547_fd2d999c44.jpg,tulips,sunflowers
tulips/518256494_368a72db37.jpg,tulips,daisy
tulips/5574219476_1f46775487_n.jpg,tulips,tulips
tulips/5628970369_54eb9ed31c_n.jpg,tulips,sunflowers
tulips/5635348214_a4e2b19ffe.jpg,tulips,daisy
tulips/5674170543_73e3f403fb.jpg,tulips,tulips
tulips/5674704952_9bd225ed9e_n.jpg,tulips,sunflowers
tulips/5674707464_dc18de05b1.jpg,tulips,daisy
tulips/5691672942_70a93d70fc.jpg,tulips,roses
tulips/5719416820_3060e3c1f0.jpg,tulips,sunflowers
tulips/5813495998_64be1b8ab6_n.jpg,tulips,sunflowers
tulips/6539831765_c21b68910e_n.jpg,tulips,dandelion
tulips/6799076717_575944af91_m.jpg,tulips,roses
tulips/6931674908_8e93bd4554.jpg,tulips,daisy
tulips/6948239566_0ac0a124ee_n.jpg,tulips,tulips
tulips/6948277038_89d7ff42e2_m.jpg,tulips,sunflowers
tulips/6958243974_8851425ddb_n.jpg,tulips,tulips
tulips/7068715863_a534ac7884_n.jpg,tulips,tulips
tulips/7082476907_99beef0dde.jpg,tulips,tulips
tulips/7166550328_de0d73cfa9.jpg,tulips,roses
tulips/7166606598_5d2cd307c3.jpg,tulips,daisy
tulips/7166640338_46b15d9ec8_n.jpg,tulips,roses
tulips/7247182064_f8d6759446_n.jpg,tulips,sunflowers
tulips/7448453762_aea8739f1b.jpg,tulips,roses
tulips/8394186551_28eed83a94_m.jpg,tulips,sunflowers
tulips/8511683706_4173683d45_m.jpg,tulips,tulips
tulips/8614237582_74417799f4_m.jpg,tulips,sunflowers
tulips/8659691170_09db83d023.jpg,tulips,daisy
tulips/8668974855_8389ecbdca_m.jpg,tulips,sunflowers
tulips/8689672277_b289909f97_n.jpg,tulips,daisy
tulips/8708209606_d3aede4801.jpg,tulips,dandelion
tulips/8708856019_f3be2353a4_n.jpg,tulips,dandelion
tulips/8712270665_57b5bda0a2_n.jpg,tulips,roses
tulips/8713390684_041148dd3e_n.jpg,tulips,sunflowers
tulips/8713394070_b24561b0a9.jpg,tulips,sunflowers
tulips/8733586143_3139db6e9e_n.jpg,tulips,sunflowers
tulips/8817622133_a42bb90e38_n.jpg,tulips,daisy
tulips/8838354855_c474fc66a3_m.jpg,tulips,roses
tulips/9030467406_05e93ff171_n.jpg,tulips,dandelion
